Comment,Designator,Footprint,LCSC Part #
SM02B-SRSS-TB (LF)(SN),"B.LED,F.LED",CONN-SMD_2P-P1.00_SM02B-SRSS-TB-LF-SN,C160402
PH2.0-2PWB,BATTERY,CONN-SMD_2P-P2.00_PH2.0-SPWB,C47647
TS-1088-AR02016,"BOOT,EN",SW-SMD_L3.9-W3.0-P4.45,C720477
4.7uF,C1,C0402,C23733
22uF,C2,C0805,C45783
4.7uF,"C3,C4",C0805,C1779
22uF,"C5,C25,C34",C1206,C7472972
100nF,"C6,C18,C20,C22,C23",C0402_NEW,C1525
10uF,"C7,C8,C9",C0603,C3039698
100nF,C10,C0402_v2,C1525
100nF,"C11,C27,C32",C0603,C66501
2.2uF,"C26,C33",C0603,C100082
10nF,"C28,C31",C0603,C519406
100nF,"C29,C30",C0603,C14663
0805G (Green),CHARGED,LED0805-R-RD,C2297
17-21SUYC/TR8,CHARGING,LED0805-R-RD,C2296
SP0503BAHTG,D3,SOT-143_L2.9-W1.3-P1.92-LS2.3-BR,C7074
S2B-ZR-SM4A-TF(LF)(SN),"L.MOTOR,R.MOTOR",CONN-SMD_S2B-ZR-SM4A,C265329
2.2uH,L1,IND-SMD_L3.0-W3.0_FNR30XXS,C370424
FC-2012HRK-620D,POWER,LED0805-R-RD,C84256
SI2305CDS,Q1,SOT-23-3_L2.9-W1.6-P1.90-LS2.8-BR,C5182095
"2SC2712-GR,LF(T","Q3,Q4,Q7,Q8",SOT-23-3_L2.9-W1.6-P1.90-LS2.8-BR,C83447
SS8050-G,"Q10,Q11",SOT-23-3_L2.9-W1.6-P1.90-LS2.8-BR,C164886
5.1kΩ,"R1,R5,R6,R9",R0402,C25905
10kΩ,"R2,R3,R8,R14,R16,R19,R37,R38,R41",R0402,C25744
100Ω,R4,R0402,C25076
470Ω,"R7,R10,R11",R0603,C23179
4.7kΩ,"R12,R13",R0402,C25900
100Ω,"R15,R17,R18,R20",R0402,C106232
22Ω,"R21,R23",R0603,C23345
1kΩ,"R22,R24",R0603,C161809
100kΩ,R25,R0603,C25803
1kΩ,R31,R0402,C11702
47.5kΩ,R32,R0402,C25896
22.1kΩ,R33,R0402,C43473
22Ω,R35,R0402,C25092
0Ω,"R39,R40",R0402,C17168
HCZZ0323-3,SERVO,CONN-SMD_3P-P1.50_HCZZ0323-3,C7433559
MS-12D08G3.5,SW2,SW-TH_MS-12D08G3.5,C2939255
ESP32-S3-MINI-1-N8,U1,BULETM-SMD_ESP32-S3-MINI-1-N8,C2913206
TPS2116DRLR,U3,SOT-583-8_L2.1-W1.6-P0.50-LS1.6-BL,C3235557
50mΩ,"U4,U11",R1206,C7467249
TPS63001DRCR,U5,VSON-10_L3.0-W3.0-P0.50-TL-EP_TPS62410DRCR,C28060
CP2102N-A02-GQFN28R,U6,QFN-28_L5.0-W5.0-P0.50-TL-EP3.3,C964632
MAX17048G+T10,U7,TDFN-8_L2.0-W2.0-P0.50-BL-EP1.2,C2682616
DRV8833RTYR,"U8,U10",QFN-16_L4.0-W4.0-P0.65-TL-EP2.6,C154936
MCP73831T-2ACI/OT,U9,SOT-23-5_L3.0-W1.7-P0.95-LS2.8-BR,C424093
TYPE-C 16PIN 2MD(073),USB,USB-C-SMD_TYPE-C-6PIN-2MD-073,C2765186
