Designator,Mid X,Mid Y,Layer,Rotation
B.LED,171.5000mm,-112.5000mm,Bottom,180
C1,147.2000mm,-112.6000mm,Bottom,0
C3,145.8000mm,-116.7000mm,Bottom,90
C4,139.8001mm,-114.9000mm,Bottom,90
C5,166.6000mm,-99.1000mm,Bottom,180
C7,155.3000mm,-108.3000mm,Bottom,270
C8,160.3000mm,-105.3000mm,Bottom,270
C9,162.3000mm,-105.3000mm,Bottom,270
C10,157.8000mm,-104.8000mm,Bottom,180
C11,165.9000mm,-97.0000mm,Bottom,180
C18,147.2000mm,-113.8000mm,Bottom,0
C22,147.3000mm,-98.6000mm,Bottom,90
C29,135.0001mm,-107.2000mm,Bottom,0
C30,165.0000mm,-107.1000mm,Bottom,0
D3,151.0000mm,-117.6000mm,Bottom,270
L.MOTOR,134.9992mm,-110.9997mm,Bottom,180
L1,158.8000mm,-111.6000mm,Bottom,0
Q3,172.0000mm,-104.8000mm,Bottom,270
Q4,171.0000mm,-107.7000mm,Bottom,90
Q10,148.8000mm,-95.7000mm,Bottom,0
Q11,155.3000mm,-95.7000mm,Bottom,180
R.MOTOR,164.9991mm,-110.9006mm,Bottom,180
R2,158.1000mm,-116.0000mm,Bottom,270
R3,157.7000mm,-114.2000mm,Bottom,0
R4,155.8000mm,-104.8000mm,Bottom,0
R5,152.8000mm,-122.4000mm,Bottom,270
R6,149.7000mm,-122.4000mm,Bottom,270
R9,143.7001mm,-118.6000mm,Bottom,180
R10,157.4000mm,-120.7000mm,Bottom,90
R11,144.7001mm,-121.3000mm,Bottom,270
R22,170.5000mm,-102.0000mm,Bottom,270
R23,174.5000mm,-105.1000mm,Bottom,270
R31,145.4000mm,-109.3000mm,Bottom,90
R32,144.8001mm,-111.0000mm,Bottom,0
R33,145.2000mm,-112.8000mm,Bottom,270
R35,146.7000mm,-96.7000mm,Bottom,0
R37,152.1000mm,-94.8000mm,Bottom,180
R38,152.1000mm,-96.6000mm,Bottom,0
SERVO,165.1007mm,-92.5998mm,Bottom,0
U3,156.5000mm,-116.0000mm,Bottom,0
U5,158.0000mm,-107.4000mm,Bottom,90
U6,149.0000mm,-109.1000mm,Bottom,90
U9,142.9001mm,-116.2000mm,Bottom,180
BATTERY,133.2001mm,-93.2000mm,Top,0
BOOT,137.9013mm,-100.0988mm,Top,270
C2,140.7001mm,-95.4000mm,Top,270
C6,136.4001mm,-104.9000mm,Top,90
C20,142.4001mm,-95.4000mm,Top,270
C23,159.7000mm,-93.5000mm,Top,270
C25,128.6001mm,-104.7000mm,Top,270
C26,129.0001mm,-108.9000mm,Top,90
C27,130.7001mm,-111.0000mm,Top,90
C28,130.7001mm,-107.5000mm,Top,90
C31,169.5000mm,-109.6000mm,Top,270
C32,169.5000mm,-106.5000mm,Top,90
C33,171.2000mm,-108.1000mm,Top,270
C34,171.4000mm,-112.3000mm,Top,90
CHARGED,144.6001mm,-121.4000mm,Top,90
CHARGING,157.2000mm,-121.0000mm,Top,270
EN,163.7000mm,-93.1011mm,Top,0
F.LED,170.4000mm,-91.7000mm,Top,180
POWER,150.9000mm,-110.7000mm,Top,0
Q1,133.2001mm,-98.4000mm,Top,270
Q7,169.9000mm,-98.5000mm,Top,90
Q8,169.0000mm,-95.5000mm,Top,270
R1,153.5000mm,-108.5000mm,Top,180
R7,151.0000mm,-112.6000mm,Top,180
R8,155.6000mm,-108.5000mm,Top,180
R12,142.0001mm,-103.0000mm,Top,180
R13,142.0001mm,-104.8000mm,Top,180
R14,159.7000mm,-103.8000mm,Top,90
R15,133.6001mm,-104.2000mm,Top,90
R16,141.0001mm,-101.8000mm,Top,180
R17,132.4001mm,-104.2000mm,Top,90
R18,167.5000mm,-103.5000mm,Top,90
R19,134.4001mm,-113.1000mm,Top,90
R20,166.3000mm,-103.4000mm,Top,90
R21,172.6000mm,-98.1000mm,Top,90
R24,166.7000mm,-98.7000mm,Top,0
R25,130.7001mm,-98.9000mm,Top,270
R39,160.0000mm,-99.0000mm,Top,180
R40,160.0000mm,-98.0000mm,Top,180
R41,159.7000mm,-95.8000mm,Top,270
SW2,150.8000mm,-115.8000mm,Top,180
U1,151.0000mm,-100.0000mm,Top,0
U4,163.4000mm,-112.9000mm,Top,90
U7,138.2001mm,-104.3000mm,Top,270
U8,134.1001mm,-108.8000mm,Top,180
U10,166.0000mm,-108.0000mm,Top,0
U11,138.8001mm,-110.3000mm,Top,90
USB,150.9991mm,-121.9988mm,Top,0
