ID,Name,Designator,Footprint,Quantity,Manufacturer Part,Manufacturer,Supplier,Supplier Part,Price
"1","SM02B-SRSS-TB (LF)(SN)","B.LED,F.LED","CONN-SMD_2P-P1.00_SM02B-SRSS-TB-LF-SN","2","SM02B-SRSS-TB(LF)(SN)","JST","LCSC","C160402","0.133"
"2","PH2.0-2PWB","BATTERY","CONN-SMD_2P-P2.00_PH2.0-SPWB","1","PH-2P卧贴","BOOMELE(博穆精密)","LCSC","C47647","0.062"
"3","TS-1088-AR02016","BOOT,EN","SW-SMD_L3.9-W3.0-P4.45","2","TS-1088-AR02016","XUNPU(讯普)","LCSC","C720477","0.053"
"4","4.7uF","C1","C0402","1","CL05A475MP5NRNC","SAMSUNG(三星)","LCSC","C23733","0.017"
"5","22uF","C2","C0805","1","CL21A226MAQNNNE","SAMSUNG(三星)","LCSC","C45783","0.222"
"6","4.7uF","C3,C4","C0805","2","CL21A475KAQNNNE","SAMSUNG(三星)","LCSC","C1779","0.035"
"7","22uF","C5,C25,C34","C1206","3","HGC1206R7226K160NSPJ","Chinocera(华瓷)","LCSC","C7472972","0.156"
"8","100nF","C6,C18,C20,C22,C23","C0402_NEW","5","CL05B104KO5NNNC","SAMSUNG","LCSC","C1525","0.005"
"9","10uF","C7,C8,C9","C0603","3","CL10B106MQ8NRNC","SAMSUNG(三星)","LCSC","C3039698","0.091"
"10","100nF","C10","C0402","1","CL05B104KO5NNNC","SAMSUNG(三星)","LCSC","C1525","0.005"
"11","100nF","C11,C27,C32","C0603","3","CL10B104KO8NNNC","SAMSUNG(三星)","LCSC","C66501","0.009"
"12","2.2uF","C26,C33","C0603","2","CL10B225KP8NNNC","SAMSUNG(三星)","LCSC","C100082","0.028"
"13","10nF","C28,C31","C0603","2","CC0603KRX7R7BB103","YAGEO(国巨)","LCSC","C519406","0.006"
"14","100nF","C29,C30","C0603","2","CC0603KRX7R9BB104","YAGEO(国巨)","LCSC","C14663","0.014"
"15","0805G (Green)","CHARGED","LED0805-R-RD","1","KT-0805G","KENTO","LCSC","C2297","0.017"
"16","17-21SUYC/TR8","CHARGING","LED0805-R-RD","1","KT-0805黄灯","KENTO","LCSC","C2296","0.012"
"17","SP0503BAHTG","D3","SOT-143_L2.9-W1.3-P1.92-LS2.3-BR","1","SP0503BAHTG","Littelfuse","LCSC","C7074","0.264"
"18","2.2uH","L1","IND-SMD_L3.0-W3.0_FNR30XXS","1","SPH3015H2R2MT","Sunlord(顺络)","LCSC","C370424",""
"19","S2B-ZR-SM4A-TF(LF)(SN)","L.MOTOR,R.MOTOR","CONN-SMD_S2B-ZR-SM4A","2","S2B-ZR-SM4A-TF(LF)(SN)","JST","LCSC","C265329","0.222"
"20","FC-2012HRK-620D","POWER","LED0805-R-RD","1","NCD0805R1","国星光电","LCSC","C84256","0.014"
"21","SI2305CDS","Q1","SOT-23-3_L2.9-W1.6-P1.90-LS2.8-BR","1","SI2305CDS","TECH PUBLIC(台舟)","LCSC","C5182095","0.102"
"22","2SC2712-GR,LF(T","Q3,Q4,Q7,Q8","SOT-23-3_L2.9-W1.6-P1.90-LS2.8-BR","4","2SC2712-GR,LF(T","TOSHIBA","LCSC","C83447","0.031"
"23","SS8050-G","Q10,Q11","SOT-23-3_L2.9-W1.6-P1.90-LS2.8-BR","2","SS8050-G","CJ(江苏长电/长晶)","LCSC","C164886","0.017"
"24","5.1kΩ","R1,R5,R6,R9","R0402","4","0402WGF5101TCE","UNI-ROYAL(厚声)","LCSC","C25905","0.002"
"25","10kΩ","R2,R3,R8,R14,R16,R19,R37,R38,R41","R0402","9","0402WGF1002TCE","UniOhm","LCSC","C25744","0.003"
"26","100Ω","R4","R0402","1","0402WGF1000TCE","UNI-ROYAL(厚声)","LCSC","C25076","0.001"
"27","470Ω","R7,R10,R11","R0603","3","0603WAF4700T5E","UNI-ROYAL(厚声)","LCSC","C23179","0.002"
"28","4.7kΩ","R12,R13","R0402","2","0402WGF4701TCE","UNI-ROYAL(厚声)","LCSC","C25900","0.003"
"29","100Ω","R15,R17,R18,R20","R0402","4","RC0402FR-07100RL","YAGEO(国巨)","LCSC","C106232","0.002"
"30","22Ω","R21,R23","R0603","2","0603WAF220JT5E","UNI-ROYAL(厚声)","LCSC","C23345","0.002"
"31","1kΩ","R22,R24","R0603","2","MCT06030C1001FP500","Vishay Intertech","LCSC","C161809","0.042"
"32","100kΩ","R25","R0603","1","0603WAF1003T5E","UNI-ROYAL(厚声)","LCSC","C25803","0.003"
"33","1kΩ","R31","R0402","1","0402WGF1001TCE","UniOhm","LCSC","C11702","0.003"
"34","47.5kΩ","R32","R0402","1","0402WGF4752TCE","UniOhm","LCSC","C25896","0.002"
"35","22.1kΩ","R33","R0402","1","0402WGF2212TCE","UniOhm","LCSC","C43473","0.002"
"36","22Ω","R35","R0402","1","0402WGF220JTCE","UniOhm","LCSC","C25092","0.003"
"37","0Ω","R39,R40","R0402","2","0402WGF0000TCE","UniOhm","LCSC","C17168","0.003"
"38","HCZZ0323-3","SERVO","CONN-SMD_3P-P1.50_HCZZ0323-3","1","HCZZ0323-3","HC(虹成电子)","LCSC","C7433559","0.02"
"39","MS-12D08G3.5","SW2","SW-TH_MS-12D08G3.5","1","MS-12D08G3.5","HOOYA(皓宇电子)","LCSC","C2939255","0.154"
"40","ESP32-S3-MINI-1-N8","U1","BULETM-SMD_ESP32-S3-MINI-1-N8","1","ESP32-S3-MINI-1-N8","ESPRESSIF(乐鑫)","LCSC","C2913206","4.756"
"41","TPS2116DRLR","U3","SOT-583-8_L2.1-W1.6-P0.50-LS1.6-BL","1","TPS2116DRLR","TI(德州仪器)","LCSC","C3235557","0.403"
"42","50mΩ","U4,U11","R1206","2","FRM121WFR050TM","FOJAN(富捷)","LCSC","C7467249","0.035"
"43","TPS63001DRCR","U5","VSON-10_L3.0-W3.0-P0.50-TL-EP_TPS62410DRCR","1","TPS63001DRCR","TI(德州仪器)","LCSC","C28060","1.618"
"44","CP2102N-A02-GQFN28R","U6","QFN-28_L5.0-W5.0-P0.50-TL-EP3.3","1","CP2102N-A02-GQFN28R","SILICON LABS(芯科)","LCSC","C964632","1.837"
"45","MAX17048G+T10","U7","TDFN-8_L2.0-W2.0-P0.50-BL-EP1.2","1","MAX17048G+T10","ADI(亚德诺)/MAXIM(美信)","LCSC","C2682616","2.165"
"46","DRV8833RTYR","U8,U10","QFN-16_L4.0-W4.0-P0.65-TL-EP2.6","2","DRV8833RTYR","TI(德州仪器)","LCSC","C154936","2.411"
"47","MCP73831T-2ACI/OT","U9","SOT-23-5_L3.0-W1.7-P0.95-LS2.8-BR","1","MCP73831T-2ACI/OT","Microchip Tech","LCSC","C424093","0.791"
"48","TYPE-C 16PIN 2MD(073)","USB","USB-C-SMD_TYPE-C-6PIN-2MD-073","1","TYPE-C 16PIN 2MD(073)","SHOU HAN(首韩)","LCSC","C2765186","0.075"
